borough_code,borough,sales,new_build_sales,median_price,median_floor_area_m2,median_price_per_m2,median_build_cost,median_land_share_resale,land_share_resale_at_1520_per_m2,land_share_resale_at_2500_per_m2,median_land_share_new_build,land_share_new_build_at_1520_per_m2,land_share_new_build_at_2500_per_m2,enough_sales
E09000001,City of London,1,0,2200136.0,102.0,21569.960784313724,193800.0,0.9119145361923081,0.9295316289538464,0.8840980739372475,0.7006059898115389,0.7199847918492311,0.6700078813309722,False
E09000020,Kensington and Chelsea,349,0,3400000.0,180.0,19805.194805194806,342000.0,0.9040655737704918,0.9232524590163934,0.8737704918032787,0.691972131147541,0.7130777049180328,0.6586475409836066,True
E09000033,Westminster,215,1,2950000.0,175.0,17448.275862068964,332500.0,0.8911067193675889,0.9128853754940711,0.8567193675889329,0.6777173913043478,0.7016739130434783,0.639891304347826,True
E09000007,Camden,285,0,2170000.0,170.0,12777.777777777777,323000.0,0.851304347826087,0.8810434782608696,0.8043478260869565,0.6339347826086956,0.6666478260869565,0.5822826086956522,True
E09000013,Hammersmith and Fulham,550,1,1450000.0,140.0,10842.447170570631,266000.0,0.8247627760145091,0.8598102208116074,0.7694247052822489,0.60473905361596,0.6432912428927682,0.5438671758104738,True
E09000019,Islington,387,0,1425000.0,136.0,10743.801652892562,258400.0,0.8231538461538461,0.8585230769230769,0.7673076923076924,0.6029692307692308,0.6418753846153846,0.5415384615384615,True
E09000012,Hackney,349,0,1175000.0,116.0,9747.191011235955,220400.0,0.8050720461095101,0.844057636887608,0.7435158501440923,0.5830792507204611,0.6259634005763689,0.5153674351585015,True
E09000032,Wandsworth,1315,4,1150000.0,122.0,9373.786407766991,231800.0,0.7973070947695494,0.8378456758156395,0.7332988089073019,0.5745378042465044,0.6191302433972036,0.5041286897980322,True
E09000027,Richmond upon Thames,1353,0,970800.0,110.0,9019.607843137255,209000.0,0.7893478260869565,0.8314782608695652,0.7228260869565217,0.5657826086956522,0.6121260869565217,0.4926086956521739,True
E09000028,Southwark,578,1,945000.0,110.0,8814.749780509219,209000.0,0.7844519774011299,0.8275615819209039,0.7163841807909604,0.5603971751412429,0.6078177401129944,0.4855225988700565,True
E09000030,Tower Hamlets,191,2,820000.0,96.0,8750.0,182400.0,0.7828571428571428,0.8262857142857143,0.7142857142857143,0.5586428571428571,0.6064142857142857,0.4832142857142857,True
E09000022,Lambeth,739,0,945000.0,121.78,8100.558659217877,231382.0,0.765448275862069,0.8123586206896551,0.6913793103448276,0.5394931034482758,0.5910944827586206,0.4580172413793103,True
E09000014,Haringey,786,6,826500.0,112.0,7739.7179274312375,212800.0,0.754512753188297,0.8036102025506378,0.6769904647214435,0.5274640285071268,0.5814712228057015,0.44218951119358785,True
E09000024,Merton,1129,4,695000.0,95.0,7407.407407407408,180500.0,0.7435,0.7948,0.6625,0.51535,0.57178,0.42625,True
E09000009,Ealing,1213,0,740000.0,102.0,7209.302325581395,193800.0,0.7364516129032258,0.7891612903225806,0.6532258064516129,0.5075967741935484,0.5655774193548387,0.4160483870967742,True
E09000021,Kingston upon Thames,1046,7,726875.0,99.0,7110.322487464908,188100.0,0.7327827409260401,0.786226192740832,0.648398343323737,0.5035610150186441,0.5623488120149154,0.41073817765611065,True
E09000031,Waltham Forest,1244,4,635000.0,91.0,6929.109300741813,172900.0,0.7257944684090332,0.7806355747272267,0.6392032479066226,0.49587391524993657,0.5561991321999493,0.40062357269728494,True
E09000003,Barnet,1474,17,800000.0,116.0,6894.217403391715,220400.0,0.7244067177001309,0.7795253741601047,0.6373772601317511,0.49434738947014395,0.5549779115761151,0.3986149861449263,True
E09000005,Brent,662,0,730000.0,114.0,6687.123493975903,216600.0,0.7158718531615729,0.7726974825292583,0.6261471752125958,0.4849590384777301,0.5474672307821841,0.38626189273385536,True
E09000023,Lewisham,1046,17,658000.0,96.0,6468.6274509803925,182400.0,0.7062746016869729,0.7650196813495782,0.613519212746017,0.47440206185567013,0.5390216494845361,0.37237113402061855,True
E09000017,Hillingdon,1462,0,548500.0,89.66499999999999,6265.1159482145395,170363.5,0.6967334179050381,0.7573867343240305,0.6009650235592606,0.46390675969554185,0.5306254077564335,0.35856152591518664,True
E09000015,Harrow,947,3,628000.0,103.0,6214.953271028037,195700.0,0.6942857142857143,0.7554285714285714,0.5977443609022557,0.4612142857142857,0.5284714285714286,0.3550187969924812,True
E09000018,Hounslow,925,0,550000.0,94.0,6188.524590163935,178600.0,0.6929801324503311,0.754384105960265,0.5960264900662252,0.45977814569536424,0.5273225165562914,0.3531291390728477,True
E09000006,Bromley,2263,3,605000.0,99.0,6091.954022988506,188100.0,0.6881132075471698,0.7504905660377359,0.589622641509434,0.4544245283018868,0.5230396226415094,0.34608490566037736,True
E09000029,Sutton,1329,18,565000.0,93.0,6000.0,176700.0,0.6833333333333333,0.7466666666666667,0.5833333333333334,0.44916666666666666,0.5188333333333334,0.33916666666666667,True
E09000010,Enfield,1322,13,542000.0,96.0,5781.633962127782,182400.0,0.6713731756756757,0.7370985405405406,0.5675962837837838,0.43601049324324326,0.5083083945945946,0.32185591216216214,True
E09000026,Redbridge,1198,0,566000.0,99.0,5759.211121157324,188100.0,0.6700937047448675,0.7360749637958941,0.5659127694011414,0.43460307521935426,0.5071824601754834,0.3200040463412557,True
E09000011,Greenwich,1078,11,525000.0,91.0,5681.818181818182,172900.0,0.6656,0.73248,0.56,0.42966,0.503228,0.3135,True
E09000025,Newham,645,0,460000.0,87.0,5421.686746987952,165300.0,0.6495555555555556,0.7196444444444444,0.5388888888888889,0.4120111111111111,0.48910888888888887,0.2902777777777778,True
E09000004,Bexley,1681,11,454000.0,87.0,5309.146653040368,165300.0,0.6421270452358037,0.713701636188643,0.5291145332050048,0.40383974975938397,0.4825717998075073,0.2795259865255053,True
E09000016,Havering,1972,5,470000.0,90.0,5219.780219780219,171000.0,0.636,0.7088,0.5210526315789473,0.3971,0.47718,0.2706578947368421,True
E09000008,Croydon,1947,7,500000.0,96.0,5180.722891566265,182400.0,0.6332558139534884,0.7066046511627907,0.5174418604651163,0.3940813953488372,0.47476511627906975,0.2666860465116279,True
E09000002,Barking and Dagenham,805,6,400000.0,82.0,4935.064935064935,155800.0,0.615,0.692,0.4934210526315789,0.374,0.4587,0.24026315789473685,True
