borough,borough_code,sales,median_price,median_land,median_earnings,price_years,land_years,rest_years
Kensington and Chelsea,E09000020,349,3400000.0,3034220.0,52000.0,65.38461538461539,58.35038461538461,7.034230769230774
Westminster,E09000033,215,2950000.0,2589600.0,50958.0,57.8908120412889,50.81832097021076,7.07249107107814
Camden,E09000007,285,2170000.0,1781500.0,45026.0,48.194376582419046,39.566028516856925,8.628348065562122
Hammersmith and Fulham,E09000013,550,1450000.0,1187445.0,45791.0,31.665611146295124,25.931842501801665,5.733768644493459
Islington,E09000019,387,1425000.0,1162500.0,45688.0,31.189809140255647,25.444317982840133,5.745491157415515
Hackney,E09000012,349,1175000.0,942975.0,42726.0,27.500819173337078,22.070285072321305,5.430534101015773
Wandsworth,E09000032,1315,1150000.0,908364.0,50306.0,22.860096211187532,18.056772551981872,4.80332365920566
Lambeth,E09000022,739,945000.0,710600.0,43412.0,21.768174698240117,16.368745968856537,5.39942872938358
Southwark,E09000028,578,945000.0,732150.0,44991.0,21.004200840168032,16.273254650930188,4.730946189237844
Richmond upon Thames,E09000027,1353,970800.0,758700.0,47609.0,20.391102522632277,15.936062509189439,4.455040013442838
Haringey,E09000014,786,826500.0,628098.3,41787.0,19.77887859860722,15.030949816928711,4.74792878167851
Tower Hamlets,E09000030,191,820000.0,636900.0,45446.0,18.043392157725652,14.01443471372618,4.028957443999472
Ealing,E09000009,1213,740000.0,540200.0,39285.0,18.83670612192949,13.750795469008528,5.08591065292096
Barnet,E09000003,1474,800000.0,571250.0,41817.0,19.13097544061028,13.660712150560776,5.470263290049502
Brent,E09000005,662,730000.0,513050.0,37771.0,19.326996902385428,13.583172275025813,5.743824627359615
Merton,E09000024,1129,695000.0,506701.0,40315.0,17.239240977303734,12.56854768696515,4.670693290338583
Waltham Forest,E09000031,1244,635000.0,463500.0,38554.0,16.470405146028945,12.022098874306169,4.448306271722776
Kingston upon Thames,E09000021,1046,726875.0,528150.0,45908.0,15.83329702884029,11.5045308007319,4.328766228108391
Lewisham,E09000023,1046,658000.0,457500.0,40754.0,16.14565441429062,11.22589193698778,4.919762477302841
Harrow,E09000015,947,628000.0,435300.0,41090.0,15.283523971769286,10.593818447310781,4.689705524458505
Hounslow,E09000018,925,550000.0,370000.0,38444.0,14.306523774841327,9.624388721256894,4.6821350535844335
Sutton,E09000029,1329,565000.0,385700.0,40429.0,13.975116871552599,9.540181552845729,4.43493531870687
Hillingdon,E09000017,1462,548500.0,378350.0,40935.0,13.39929155978991,9.242701844387444,4.1565897154024665
Redbridge,E09000026,1198,566000.0,373000.0,40845.0,13.85726527114702,9.13208471049088,4.72518056065614
Enfield,E09000010,1322,542000.0,362750.0,40250.0,13.46583850931677,9.012422360248447,4.453416149068323
Bromley,E09000006,2263,605000.0,417600.0,47145.0,12.832750026513946,8.857779191854915,3.9749708346590307
Greenwich,E09000011,1078,525000.0,348194.5,40279.0,13.034087241490603,8.644566647632761,4.389520593857842
Newham,E09000025,645,460000.0,300100.0,38463.0,11.959545537269584,7.802303512466526,4.1572420248030575
Croydon,E09000008,1947,500000.0,313800.0,41233.0,12.126209589406542,7.610409138311547,4.515800451094996
Havering,E09000016,1972,470000.0,299850.0,41078.0,11.441647597254004,7.299527727737475,4.142119869516529
Barking and Dagenham,E09000002,805,400000.0,244160.0,34721.0,11.520405518274243,7.032055528354598,4.488349989919645
Bexley,E09000004,1681,454000.0,292000.0,42614.0,10.653775754446896,6.852208194490074,3.8015675599568217
